Title,IMDb Link
The Shawshank Redemption,https://www.imdb.com/title/tt0111161/?ref_=sr_i_1
The Dark Knight,https://www.imdb.com/title/tt0468569/?ref_=sr_i_2
Inception,https://www.imdb.com/title/tt1375666/?ref_=sr_i_3
Fight Club,https://www.imdb.com/title/tt0137523/?ref_=sr_i_4
Forrest Gump,https://www.imdb.com/title/tt0109830/?ref_=sr_i_5
Pulp Fiction,https://www.imdb.com/title/tt0110912/?ref_=sr_i_6
Interstellar,https://www.imdb.com/title/tt0816692/?ref_=sr_i_7
The Matrix,https://www.imdb.com/title/tt0133093/?ref_=sr_i_8
The Godfather,https://www.imdb.com/title/tt0068646/?ref_=sr_i_9
The Lord of the Rings: The Fellowship of the Ring,https://www.imdb.com/title/tt0120737/?ref_=sr_i_10
The Lord of the Rings: The Return of the King,https://www.imdb.com/title/tt0167260/?ref_=sr_i_11
The Dark Knight Rises,https://www.imdb.com/title/tt1345836/?ref_=sr_i_12
Se7en,https://www.imdb.com/title/tt0114369/?ref_=sr_i_13
The Lord of the Rings: The Two Towers,https://www.imdb.com/title/tt0167261/?ref_=sr_i_14
Django Unchained,https://www.imdb.com/title/tt1853728/?ref_=sr_i_15
Gladiator,https://www.imdb.com/title/tt0172495/?ref_=sr_i_16
The Wolf of Wall Street,https://www.imdb.com/title/tt0993846/?ref_=sr_i_17
Inglourious Basterds,https://www.imdb.com/title/tt0361748/?ref_=sr_i_18
Batman Begins,https://www.imdb.com/title/tt0372784/?ref_=sr_i_19
The Silence of the Lambs,https://www.imdb.com/title/tt0102926/?ref_=sr_i_20
Joker,https://www.imdb.com/title/tt7286456/?ref_=sr_i_21
Saving Private Ryan,https://www.imdb.com/title/tt0120815/?ref_=sr_i_22
Shutter Island,https://www.imdb.com/title/tt1130884/?ref_=sr_i_23
Schindler's List,https://www.imdb.com/title/tt0108052/?ref_=sr_i_24
The Prestige,https://www.imdb.com/title/tt0482571/?ref_=sr_i_25
The Avengers,https://www.imdb.com/title/tt0848228/?ref_=sr_i_26
Star Wars: Episode IV - A New Hope,https://www.imdb.com/title/tt0076759/?ref_=sr_i_27
The Departed,https://www.imdb.com/title/tt0407887/?ref_=sr_i_28
The Green Mile,https://www.imdb.com/title/tt0120689/?ref_=sr_i_29
Star Wars: Episode V - The Empire Strikes Back,https://www.imdb.com/title/tt0080684/?ref_=sr_i_30
Avatar,https://www.imdb.com/title/tt0499549/?ref_=sr_i_31
The Godfather Part II,https://www.imdb.com/title/tt0071562/?ref_=sr_i_32
Memento,https://www.imdb.com/title/tt0209144/?ref_=sr_i_33
Back to the Future,https://www.imdb.com/title/tt0088763/?ref_=sr_i_34
Avengers: Endgame,https://www.imdb.com/title/tt4154796/?ref_=sr_i_35
Titanic,https://www.imdb.com/title/tt0120338/?ref_=sr_i_36
Goodfellas,https://www.imdb.com/title/tt0099685/?ref_=sr_i_37
Guardians of the Galaxy,https://www.imdb.com/title/tt2015381/?ref_=sr_i_38
Léon: The Professional,https://www.imdb.com/title/tt0110413/?ref_=sr_i_39
Avengers: Infinity War,https://www.imdb.com/title/tt4154756/?ref_=sr_i_40
The Truman Show,https://www.imdb.com/title/tt0120382/?ref_=sr_i_41
Pirates of the Caribbean: The Curse of the Black Pearl,https://www.imdb.com/title/tt0325980/?ref_=sr_i_42
WALL·E,https://www.imdb.com/title/tt0910970/?ref_=sr_i_43
American Beauty,https://www.imdb.com/title/tt0169547/?ref_=sr_i_44
Kill Bill: Vol. 1,https://www.imdb.com/title/tt0266697/?ref_=sr_i_45
American History X,https://www.imdb.com/title/tt0120586/?ref_=sr_i_46
Terminator 2: Judgment Day,https://www.imdb.com/title/tt0103064/?ref_=sr_i_47
V for Vendetta,https://www.imdb.com/title/tt0434409/?ref_=sr_i_48
Deadpool,https://www.imdb.com/title/tt1431045/?ref_=sr_i_49
The Lion King,https://www.imdb.com/title/tt0110357/?ref_=sr_i_50
The Usual Suspects,https://www.imdb.com/title/tt0114814/?ref_=sr_i_51
Up,https://www.imdb.com/title/tt1049413/?ref_=sr_i_52
Iron Man,https://www.imdb.com/title/tt0371746/?ref_=sr_i_53
The Shining,https://www.imdb.com/title/tt0081505/?ref_=sr_i_54
Mad Max: Fury Road,https://www.imdb.com/title/tt1392190/?ref_=sr_i_55
Star Wars: Episode VI - Return of the Jedi,https://www.imdb.com/title/tt0086190/?ref_=sr_i_56
Catch Me If You Can,https://www.imdb.com/title/tt0264464/?ref_=sr_i_57
Finding Nemo,https://www.imdb.com/title/tt0266543/?ref_=sr_i_58
Eternal Sunshine of the Spotless Mind,https://www.imdb.com/title/tt0338013/?ref_=sr_i_59
Good Will Hunting,https://www.imdb.com/title/tt0119217/?ref_=sr_i_60
Reservoir Dogs,https://www.imdb.com/title/tt0105236/?ref_=sr_i_61
Braveheart,https://www.imdb.com/title/tt0112573/?ref_=sr_i_62
Toy Story,https://www.imdb.com/title/tt0114709/?ref_=sr_i_63
Gone Girl,https://www.imdb.com/title/tt2267998/?ref_=sr_i_64
No Country for Old Men,https://www.imdb.com/title/tt0477348/?ref_=sr_i_65
Jurassic Park,https://www.imdb.com/title/tt0107290/?ref_=sr_i_66
One Flew Over the Cuckoo's Nest,https://www.imdb.com/title/tt0073486/?ref_=sr_i_67
The Sixth Sense,https://www.imdb.com/title/tt0167404/?ref_=sr_i_68
Raiders of the Lost Ark,https://www.imdb.com/title/tt0082971/?ref_=sr_i_69
Whiplash,https://www.imdb.com/title/tt2582802/?ref_=sr_i_70
Parasite,https://www.imdb.com/title/tt6751668/?ref_=sr_i_71
"Monsters, Inc.",https://www.imdb.com/title/tt0198781/?ref_=sr_i_72
A Beautiful Mind,https://www.imdb.com/title/tt0268978/?ref_=sr_i_73
Alien,https://www.imdb.com/title/tt0078748/?ref_=sr_i_74
Star Wars: Episode VII - The Force Awakens,https://www.imdb.com/title/tt2488496/?ref_=sr_i_75
Harry Potter and the Deathly Hallows: Part 2,https://www.imdb.com/title/tt1201607/?ref_=sr_i_76
Die Hard,https://www.imdb.com/title/tt0095016/?ref_=sr_i_77
The Intouchables,https://www.imdb.com/title/tt1675434/?ref_=sr_i_78
Taxi Driver,https://www.imdb.com/title/tt0075314/?ref_=sr_i_79
The Martian,https://www.imdb.com/title/tt3659388/?ref_=sr_i_80
The Pianist,https://www.imdb.com/title/tt0253474/?ref_=sr_i_81
The Terminator,https://www.imdb.com/title/tt0088247/?ref_=sr_i_82
Scarface,https://www.imdb.com/title/tt0086250/?ref_=sr_i_83
Dune: Part One,https://www.imdb.com/title/tt1160419/?ref_=sr_i_84
Snatch,https://www.imdb.com/title/tt0208092/?ref_=sr_i_85
Spider-Man: No Way Home,https://www.imdb.com/title/tt10872600/?ref_=sr_i_86
Requiem for a Dream,https://www.imdb.com/title/tt0180093/?ref_=sr_i_87
Captain America: The Winter Soldier,https://www.imdb.com/title/tt1843866/?ref_=sr_i_88
Toy Story 3,https://www.imdb.com/title/tt0435761/?ref_=sr_i_89
The Grand Budapest Hotel,https://www.imdb.com/title/tt2278388/?ref_=sr_i_90
12 Angry Men,https://www.imdb.com/title/tt0050083/?ref_=sr_i_91
A Clockwork Orange,https://www.imdb.com/title/tt0066921/?ref_=sr_i_92
The Revenant,https://www.imdb.com/title/tt1663202/?ref_=sr_i_93
Spirited Away,https://www.imdb.com/title/tt0245429/?ref_=sr_i_94
The Hobbit: An Unexpected Journey,https://www.imdb.com/title/tt0903624/?ref_=sr_i_95
Harry Potter and the Sorcerer's Stone,https://www.imdb.com/title/tt0241527/?ref_=sr_i_96
Once Upon a Time... in Hollywood,https://www.imdb.com/title/tt7131622/?ref_=sr_i_97
Slumdog Millionaire,https://www.imdb.com/title/tt1010048/?ref_=sr_i_98
300,https://www.imdb.com/title/tt0416449/?ref_=sr_i_99
The Big Lebowski,https://www.imdb.com/title/tt0118715/?ref_=sr_i_100
Captain America: Civil War,https://www.imdb.com/title/tt3498820/?ref_=sr_i_101
Logan,https://www.imdb.com/title/tt3315342/?ref_=sr_i_102
The Hangover,https://www.imdb.com/title/tt1119646/?ref_=sr_i_103
Gravity,https://www.imdb.com/title/tt1454468/?ref_=sr_i_104
Donnie Darko,https://www.imdb.com/title/tt0246578/?ref_=sr_i_105
Ratatouille,https://www.imdb.com/title/tt0382932/?ref_=sr_i_106
Star Wars: Episode III - Revenge of the Sith,https://www.imdb.com/title/tt0121766/?ref_=sr_i_107
Oppenheimer,https://www.imdb.com/title/tt15398776/?ref_=sr_i_108
Prisoners,https://www.imdb.com/title/tt1392214/?ref_=sr_i_109
The Batman,https://www.imdb.com/title/tt1877830/?ref_=sr_i_110
Inside Out,https://www.imdb.com/title/tt2096673/?ref_=sr_i_111
Black Swan,https://www.imdb.com/title/tt0947798/?ref_=sr_i_112
Blade Runner,https://www.imdb.com/title/tt0083658/?ref_=sr_i_113
The Imitation Game,https://www.imdb.com/title/tt2084970/?ref_=sr_i_114
Thor: Ragnarok,https://www.imdb.com/title/tt3501632/?ref_=sr_i_115
The Incredibles,https://www.imdb.com/title/tt0317705/?ref_=sr_i_116
"The Good, the Bad and the Ugly",https://www.imdb.com/title/tt0060196/?ref_=sr_i_117
How to Train Your Dragon,https://www.imdb.com/title/tt0892769/?ref_=sr_i_118
Gran Torino,https://www.imdb.com/title/tt1205489/?ref_=sr_i_119
Indiana Jones and the Last Crusade,https://www.imdb.com/title/tt0097576/?ref_=sr_i_120
Kill Bill: Vol. 2,https://www.imdb.com/title/tt0378194/?ref_=sr_i_121
City of God,https://www.imdb.com/title/tt0317248/?ref_=sr_i_122
Full Metal Jacket,https://www.imdb.com/title/tt0093058/?ref_=sr_i_123
Amélie,https://www.imdb.com/title/tt0211915/?ref_=sr_i_124
Knives Out,https://www.imdb.com/title/tt8946378/?ref_=sr_i_125
Arrival,https://www.imdb.com/title/tt2543164/?ref_=sr_i_126
Sin City,https://www.imdb.com/title/tt0401792/?ref_=sr_i_127
Aliens,https://www.imdb.com/title/tt0090605/?ref_=sr_i_128
The Social Network,https://www.imdb.com/title/tt1285016/?ref_=sr_i_129
Life Is Beautiful,https://www.imdb.com/title/tt0118799/?ref_=sr_i_130
Dunkirk,https://www.imdb.com/title/tt5013056/?ref_=sr_i_131
Edge of Tomorrow,https://www.imdb.com/title/tt1631867/?ref_=sr_i_132
X-Men: Days of Future Past,https://www.imdb.com/title/tt1877832/?ref_=sr_i_133
Shrek,https://www.imdb.com/title/tt0126029/?ref_=sr_i_134
Top Gun: Maverick,https://www.imdb.com/title/tt1745960/?ref_=sr_i_135
12 Years a Slave,https://www.imdb.com/title/tt2024544/?ref_=sr_i_136
Silver Linings Playbook,https://www.imdb.com/title/tt1045658/?ref_=sr_i_137
Get Out,https://www.imdb.com/title/tt5052448/?ref_=sr_i_138
Fargo,https://www.imdb.com/title/tt0116282/?ref_=sr_i_139
Heat,https://www.imdb.com/title/tt0113277/?ref_=sr_i_140
2001: A Space Odyssey,https://www.imdb.com/title/tt0062622/?ref_=sr_i_141
Skyfall,https://www.imdb.com/title/tt1074638/?ref_=sr_i_142
Kingsman: The Secret Service,https://www.imdb.com/title/tt2802144/?ref_=sr_i_143
Psycho,https://www.imdb.com/title/tt0054215/?ref_=sr_i_144
Trainspotting,https://www.imdb.com/title/tt0117951/?ref_=sr_i_145
X-Men: First Class,https://www.imdb.com/title/tt1270798/?ref_=sr_i_146
Million Dollar Baby,https://www.imdb.com/title/tt0405159/?ref_=sr_i_147
Apocalypse Now,https://www.imdb.com/title/tt0078788/?ref_=sr_i_148
District 9,https://www.imdb.com/title/tt1136608/?ref_=sr_i_149
Drive,https://www.imdb.com/title/tt0780504/?ref_=sr_i_150
The Hobbit: The Desolation of Smaug,https://www.imdb.com/title/tt1170358/?ref_=sr_i_151
Harry Potter and the Prisoner of Azkaban,https://www.imdb.com/title/tt0304141/?ref_=sr_i_152
Pan's Labyrinth,https://www.imdb.com/title/tt0457430/?ref_=sr_i_153
Spider-Man: Into the Spider-Verse,https://www.imdb.com/title/tt4633694/?ref_=sr_i_154
1917,https://www.imdb.com/title/tt8579674/?ref_=sr_i_155
The King's Speech,https://www.imdb.com/title/tt1504320/?ref_=sr_i_156
The Curious Case of Benjamin Button,https://www.imdb.com/title/tt0421715/?ref_=sr_i_157
Casino Royale,https://www.imdb.com/title/tt0381061/?ref_=sr_i_158
Groundhog Day,https://www.imdb.com/title/tt0107048/?ref_=sr_i_159
Harry Potter and the Goblet of Fire,https://www.imdb.com/title/tt0330373/?ref_=sr_i_160
La La Land,https://www.imdb.com/title/tt3783958/?ref_=sr_i_161
Rogue One: A Star Wars Story,https://www.imdb.com/title/tt3748528/?ref_=sr_i_162
Blade Runner 2049,https://www.imdb.com/title/tt1856101/?ref_=sr_i_163
Deadpool 2,https://www.imdb.com/title/tt5463162/?ref_=sr_i_164
Her,https://www.imdb.com/title/tt1798709/?ref_=sr_i_165
Home Alone,https://www.imdb.com/title/tt0099785/?ref_=sr_i_166
Jaws,https://www.imdb.com/title/tt0073195/?ref_=sr_i_167
The Hateful Eight,https://www.imdb.com/title/tt3460252/?ref_=sr_i_168
Life of Pi,https://www.imdb.com/title/tt0454876/?ref_=sr_i_169
Birdman or (The Unexpected Virtue of Ignorance),https://www.imdb.com/title/tt2562232/?ref_=sr_i_170
Into the Wild,https://www.imdb.com/title/tt0758758/?ref_=sr_i_171
Oldboy,https://www.imdb.com/title/tt0364569/?ref_=sr_i_172
The Bourne Ultimatum,https://www.imdb.com/title/tt0440963/?ref_=sr_i_173
There Will Be Blood,https://www.imdb.com/title/tt0469494/?ref_=sr_i_174
12 Monkeys,https://www.imdb.com/title/tt0114746/?ref_=sr_i_175
Cast Away,https://www.imdb.com/title/tt0162222/?ref_=sr_i_176
Rocky,https://www.imdb.com/title/tt0075148/?ref_=sr_i_177
Taken,https://www.imdb.com/title/tt0936501/?ref_=sr_i_178
Argo,https://www.imdb.com/title/tt1024648/?ref_=sr_i_179
The Notebook,https://www.imdb.com/title/tt0332280/?ref_=sr_i_180
Ocean's Eleven,https://www.imdb.com/title/tt0240772/?ref_=sr_i_181
Toy Story 2,https://www.imdb.com/title/tt0120363/?ref_=sr_i_182
Coco,https://www.imdb.com/title/tt2380307/?ref_=sr_i_183
L.A. Confidential,https://www.imdb.com/title/tt0119488/?ref_=sr_i_184
"Lock, Stock and Two Smoking Barrels",https://www.imdb.com/title/tt0120735/?ref_=sr_i_185
Nightcrawler,https://www.imdb.com/title/tt2872718/?ref_=sr_i_186
Zodiac,https://www.imdb.com/title/tt0443706/?ref_=sr_i_187
Hacksaw Ridge,https://www.imdb.com/title/tt2119532/?ref_=sr_i_188
Star Trek,https://www.imdb.com/title/tt0796366/?ref_=sr_i_189
Casablanca,https://www.imdb.com/title/tt0034583/?ref_=sr_i_190
Harry Potter and the Deathly Hallows: Part 1,https://www.imdb.com/title/tt0926084/?ref_=sr_i_191
Green Book,https://www.imdb.com/title/tt6966692/?ref_=sr_i_192
Bohemian Rhapsody,https://www.imdb.com/title/tt1727824/?ref_=sr_i_193
Shaun of the Dead,https://www.imdb.com/title/tt0365748/?ref_=sr_i_194
Ex Machina,https://www.imdb.com/title/tt0470752/?ref_=sr_i_195
Dune: Part Two,https://www.imdb.com/title/tt15239678/?ref_=sr_i_196
Blood Diamond,https://www.imdb.com/title/tt0450259/?ref_=sr_i_197
Minority Report,https://www.imdb.com/title/tt0181689/?ref_=sr_i_198
Watchmen,https://www.imdb.com/title/tt0409459/?ref_=sr_i_199
Back to the Future Part II,https://www.imdb.com/title/tt0096874/?ref_=sr_i_200
The Bourne Identity,https://www.imdb.com/title/tt0258463/?ref_=sr_i_201
Casino,https://www.imdb.com/title/tt0112641/?ref_=sr_i_202
The Pursuit of Happyness,https://www.imdb.com/title/tt0454921/?ref_=sr_i_203
500 Days of Summer,https://www.imdb.com/title/tt1022603/?ref_=sr_i_204
Monty Python and the Holy Grail,https://www.imdb.com/title/tt0071853/?ref_=sr_i_205
Dead Poets Society,https://www.imdb.com/title/tt0097165/?ref_=sr_i_206
"Three Billboards Outside Ebbing, Missouri",https://www.imdb.com/title/tt5027774/?ref_=sr_i_207
Zootopia,https://www.imdb.com/title/tt2948356/?ref_=sr_i_208
Everything Everywhere All at Once,https://www.imdb.com/title/tt6710474/?ref_=sr_i_209
The Perks of Being a Wallflower,https://www.imdb.com/title/tt1659337/?ref_=sr_i_210
Rain Man,https://www.imdb.com/title/tt0095953/?ref_=sr_i_211
Hot Fuzz,https://www.imdb.com/title/tt0425112/?ref_=sr_i_212
Kung Fu Panda,https://www.imdb.com/title/tt0441773/?ref_=sr_i_213
Children of Men,https://www.imdb.com/title/tt0206634/?ref_=sr_i_214
Edward Scissorhands,https://www.imdb.com/title/tt0099487/?ref_=sr_i_215
Rear Window,https://www.imdb.com/title/tt0047396/?ref_=sr_i_216
The Butterfly Effect,https://www.imdb.com/title/tt0289879/?ref_=sr_i_217
Dr. Strangelove or: How I Learned to Stop Worrying and Love the Bomb,https://www.imdb.com/title/tt0057012/?ref_=sr_i_218
Little Miss Sunshine,https://www.imdb.com/title/tt0449059/?ref_=sr_i_219
Dallas Buyers Club,https://www.imdb.com/title/tt0790636/?ref_=sr_i_220
Rush,https://www.imdb.com/title/tt1979320/?ref_=sr_i_221
Big Hero 6,https://www.imdb.com/title/tt2245084/?ref_=sr_i_222
It's a Wonderful Life,https://www.imdb.com/title/tt0038650/?ref_=sr_i_223
The Fifth Element,https://www.imdb.com/title/tt0119116/?ref_=sr_i_224
Tangled,https://www.imdb.com/title/tt0398286/?ref_=sr_i_225
Spotlight,https://www.imdb.com/title/tt1895587/?ref_=sr_i_226
Ford v Ferrari,https://www.imdb.com/title/tt1950186/?ref_=sr_i_227
Warrior,https://www.imdb.com/title/tt1291584/?ref_=sr_i_228
The Girl with the Dragon Tattoo,https://www.imdb.com/title/tt1568346/?ref_=sr_i_229
The Help,https://www.imdb.com/title/tt1454029/?ref_=sr_i_230
Lost in Translation,https://www.imdb.com/title/tt0335266/?ref_=sr_i_231
The Big Short,https://www.imdb.com/title/tt1596363/?ref_=sr_i_232
Captain Phillips,https://www.imdb.com/title/tt1535109/?ref_=sr_i_233
Star Trek Into Darkness,https://www.imdb.com/title/tt1408101/?ref_=sr_i_234
Sicario,https://www.imdb.com/title/tt3397884/?ref_=sr_i_235
Mystic River,https://www.imdb.com/title/tt0327056/?ref_=sr_i_236
The Bourne Supremacy,https://www.imdb.com/title/tt0372183/?ref_=sr_i_237
The Theory of Everything,https://www.imdb.com/title/tt2980516/?ref_=sr_i_238
The Thing,https://www.imdb.com/title/tt0084787/?ref_=sr_i_239
Training Day,https://www.imdb.com/title/tt0139654/?ref_=sr_i_240
Beauty and the Beast,https://www.imdb.com/title/tt0101414/?ref_=sr_i_241
Saw,https://www.imdb.com/title/tt0387564/?ref_=sr_i_242
The Last Samurai,https://www.imdb.com/title/tt0325710/?ref_=sr_i_243
Aladdin,https://www.imdb.com/title/tt0103639/?ref_=sr_i_244
Moneyball,https://www.imdb.com/title/tt1210166/?ref_=sr_i_245
Citizen Kane,https://www.imdb.com/title/tt0033467/?ref_=sr_i_246
Howl's Moving Castle,https://www.imdb.com/title/tt0347149/?ref_=sr_i_247
In Bruges,https://www.imdb.com/title/tt0780536/?ref_=sr_i_248
Wreck-It Ralph,https://www.imdb.com/title/tt1772341/?ref_=sr_i_249
The Exorcist,https://www.imdb.com/title/tt0070047/?ref_=sr_i_250
Predator,https://www.imdb.com/title/tt0093773/?ref_=sr_i_251
American Gangster,https://www.imdb.com/title/tt0765429/?ref_=sr_i_252
Ghostbusters,https://www.imdb.com/title/tt0087332/?ref_=sr_i_253
Big Fish,https://www.imdb.com/title/tt0319061/?ref_=sr_i_254
Room,https://www.imdb.com/title/tt3170832/?ref_=sr_i_255
The Princess Bride,https://www.imdb.com/title/tt0093779/?ref_=sr_i_256
Jojo Rabbit,https://www.imdb.com/title/tt2584384/?ref_=sr_i_257
Stand by Me,https://www.imdb.com/title/tt0092005/?ref_=sr_i_258
Midnight in Paris,https://www.imdb.com/title/tt1605783/?ref_=sr_i_259
Princess Mononoke,https://www.imdb.com/title/tt0119698/?ref_=sr_i_260
Crash,https://www.imdb.com/title/tt0375679/?ref_=sr_i_261
3 Idiots,https://www.imdb.com/title/tt1187043/?ref_=sr_i_262
The Breakfast Club,https://www.imdb.com/title/tt0088847/?ref_=sr_i_263
Zack Snyder's Justice League,https://www.imdb.com/title/tt12361974/?ref_=sr_i_264
Platoon,https://www.imdb.com/title/tt0091763/?ref_=sr_i_265
E.T. the Extra-Terrestrial,https://www.imdb.com/title/tt0083866/?ref_=sr_i_266
Unforgiven,https://www.imdb.com/title/tt0105695/?ref_=sr_i_267
The Irishman,https://www.imdb.com/title/tt1302006/?ref_=sr_i_268
The Game,https://www.imdb.com/title/tt0119174/?ref_=sr_i_269
The Wizard of Oz,https://www.imdb.com/title/tt0032138/?ref_=sr_i_270
Amadeus,https://www.imdb.com/title/tt0086879/?ref_=sr_i_271
Vertigo,https://www.imdb.com/title/tt0052357/?ref_=sr_i_272
Spider-Man: Across the Spider-Verse,https://www.imdb.com/title/tt9362722/?ref_=sr_i_273
Black Hawk Down,https://www.imdb.com/title/tt0265086/?ref_=sr_i_274
The Gentlemen,https://www.imdb.com/title/tt8367814/?ref_=sr_i_275
Monty Python's Life of Brian,https://www.imdb.com/title/tt0079470/?ref_=sr_i_276
The Machinist,https://www.imdb.com/title/tt0361862/?ref_=sr_i_277
The Lives of Others,https://www.imdb.com/title/tt0405094/?ref_=sr_i_278
Guardians of the Galaxy Vol. 3,https://www.imdb.com/title/tt6791350/?ref_=sr_i_279
The Fault in Our Stars,https://www.imdb.com/title/tt2582846/?ref_=sr_i_280
About Time,https://www.imdb.com/title/tt2194499/?ref_=sr_i_281
The Others,https://www.imdb.com/title/tt0230600/?ref_=sr_i_282
Soul,https://www.imdb.com/title/tt2948372/?ref_=sr_i_283
Mulholland Drive,https://www.imdb.com/title/tt0166924/?ref_=sr_i_284
My Neighbor Totoro,https://www.imdb.com/title/tt0096283/?ref_=sr_i_285
Man on Fire,https://www.imdb.com/title/tt0328107/?ref_=sr_i_286
Ferris Bueller's Day Off,https://www.imdb.com/title/tt0091042/?ref_=sr_i_287
The Lego Movie,https://www.imdb.com/title/tt1490017/?ref_=sr_i_288
Brokeback Mountain,https://www.imdb.com/title/tt0388795/?ref_=sr_i_289
The Fighter,https://www.imdb.com/title/tt0964517/?ref_=sr_i_290
The Nightmare Before Christmas,https://www.imdb.com/title/tt0107688/?ref_=sr_i_291
Raging Bull,https://www.imdb.com/title/tt0081398/?ref_=sr_i_292
Mission: Impossible - Fallout,https://www.imdb.com/title/tt4912910/?ref_=sr_i_293
Once Upon a Time in America,https://www.imdb.com/title/tt0087843/?ref_=sr_i_294
Downfall,https://www.imdb.com/title/tt0363163/?ref_=sr_i_295
The Hunt,https://www.imdb.com/title/tt2106476/?ref_=sr_i_296
Moon,https://www.imdb.com/title/tt1182345/?ref_=sr_i_297
Hotel Rwanda,https://www.imdb.com/title/tt0395169/?ref_=sr_i_298
Seven Samurai,https://www.imdb.com/title/tt0047478/?ref_=sr_i_299
How to Train Your Dragon 2,https://www.imdb.com/title/tt1646971/?ref_=sr_i_300
Boyhood,https://www.imdb.com/title/tt1065073/?ref_=sr_i_301
The Deer Hunter,https://www.imdb.com/title/tt0077416/?ref_=sr_i_302
Moonrise Kingdom,https://www.imdb.com/title/tt1748122/?ref_=sr_i_303
John Wick: Chapter 4,https://www.imdb.com/title/tt10366206/?ref_=sr_i_304
True Grit,https://www.imdb.com/title/tt1403865/?ref_=sr_i_305
Once Upon a Time in the West,https://www.imdb.com/title/tt0064116/?ref_=sr_i_306
Chinatown,https://www.imdb.com/title/tt0071315/?ref_=sr_i_307
Being John Malkovich,https://www.imdb.com/title/tt0120601/?ref_=sr_i_308
Marriage Story,https://www.imdb.com/title/tt7653254/?ref_=sr_i_309
North by Northwest,https://www.imdb.com/title/tt0053125/?ref_=sr_i_310
Before Sunrise,https://www.imdb.com/title/tt0112471/?ref_=sr_i_311
Your Name.,https://www.imdb.com/title/tt5311514/?ref_=sr_i_312
50/50,https://www.imdb.com/title/tt1306980/?ref_=sr_i_313
Pride & Prejudice,https://www.imdb.com/title/tt0414387/?ref_=sr_i_314
Scent of a Woman,https://www.imdb.com/title/tt0105323/?ref_=sr_i_315
Gone with the Wind,https://www.imdb.com/title/tt0031381/?ref_=sr_i_316
Apocalypto,https://www.imdb.com/title/tt0472043/?ref_=sr_i_317
Donnie Brasco,https://www.imdb.com/title/tt0119008/?ref_=sr_i_318
Grave of the Fireflies,https://www.imdb.com/title/tt0095327/?ref_=sr_i_319
To Kill a Mockingbird,https://www.imdb.com/title/tt0056592/?ref_=sr_i_320
3:10 to Yuma,https://www.imdb.com/title/tt0381849/?ref_=sr_i_321
The Untouchables,https://www.imdb.com/title/tt0094226/?ref_=sr_i_322
"O Brother, Where Art Thou?",https://www.imdb.com/title/tt0190590/?ref_=sr_i_323
Magnolia,https://www.imdb.com/title/tt0175880/?ref_=sr_i_324
Call Me by Your Name,https://www.imdb.com/title/tt5726616/?ref_=sr_i_325
Gattaca,https://www.imdb.com/title/tt0119177/?ref_=sr_i_326
Poor Things,https://www.imdb.com/title/tt14230458/?ref_=sr_i_327
Lucky Number Slevin,https://www.imdb.com/title/tt0425210/?ref_=sr_i_328
The Fugitive,https://www.imdb.com/title/tt0106977/?ref_=sr_i_329
Manchester by the Sea,https://www.imdb.com/title/tt4034228/?ref_=sr_i_330
Mulan,https://www.imdb.com/title/tt0120762/?ref_=sr_i_331
As Good as It Gets,https://www.imdb.com/title/tt0119822/?ref_=sr_i_332
Lawrence of Arabia,https://www.imdb.com/title/tt0056172/?ref_=sr_i_333
Hachi: A Dog's Tale,https://www.imdb.com/title/tt1028532/?ref_=sr_i_334
The Wrestler,https://www.imdb.com/title/tt1125849/?ref_=sr_i_335
Apollo 13,https://www.imdb.com/title/tt0112384/?ref_=sr_i_336
Halloween,https://www.imdb.com/title/tt0077651/?ref_=sr_i_337
Atonement,https://www.imdb.com/title/tt0783233/?ref_=sr_i_338
The Goonies,https://www.imdb.com/title/tt0089218/?ref_=sr_i_339
Serenity,https://www.imdb.com/title/tt0379786/?ref_=sr_i_340
Almost Famous,https://www.imdb.com/title/tt0181875/?ref_=sr_i_341
Gone Baby Gone,https://www.imdb.com/title/tt0452623/?ref_=sr_i_342
A Few Good Men,https://www.imdb.com/title/tt0104257/?ref_=sr_i_343
Before Sunset,https://www.imdb.com/title/tt0381681/?ref_=sr_i_344
Dances with Wolves,https://www.imdb.com/title/tt0099348/?ref_=sr_i_345
Cinema Paradiso,https://www.imdb.com/title/tt0095765/?ref_=sr_i_346
Office Space,https://www.imdb.com/title/tt0151804/?ref_=sr_i_347
The Graduate,https://www.imdb.com/title/tt0061722/?ref_=sr_i_348
Toy Story 4,https://www.imdb.com/title/tt1979376/?ref_=sr_i_349
RoboCop,https://www.imdb.com/title/tt0093870/?ref_=sr_i_350
Wind River,https://www.imdb.com/title/tt5362988/?ref_=sr_i_351
Some Like It Hot,https://www.imdb.com/title/tt0053291/?ref_=sr_i_352
Road to Perdition,https://www.imdb.com/title/tt0257044/?ref_=sr_i_353
Stardust,https://www.imdb.com/title/tt0486655/?ref_=sr_i_354
Boogie Nights,https://www.imdb.com/title/tt0118749/?ref_=sr_i_355
The Sting,https://www.imdb.com/title/tt0070735/?ref_=sr_i_356
"Crouching Tiger, Hidden Dragon",https://www.imdb.com/title/tt0190332/?ref_=sr_i_357
First Blood,https://www.imdb.com/title/tt0083944/?ref_=sr_i_358
For a Few Dollars More,https://www.imdb.com/title/tt0059578/?ref_=sr_i_359
Fantastic Mr. Fox,https://www.imdb.com/title/tt0432283/?ref_=sr_i_360
Annie Hall,https://www.imdb.com/title/tt0075686/?ref_=sr_i_361
Coraline,https://www.imdb.com/title/tt0327597/?ref_=sr_i_362
Dog Day Afternoon,https://www.imdb.com/title/tt0072890/?ref_=sr_i_363
Mission: Impossible - Dead Reckoning Part One,https://www.imdb.com/title/tt9603212/?ref_=sr_i_364
Das Boot,https://www.imdb.com/title/tt0082096/?ref_=sr_i_365
The Banshees of Inisherin,https://www.imdb.com/title/tt11813216/?ref_=sr_i_366
The Sound of Music,https://www.imdb.com/title/tt0059742/?ref_=sr_i_367
Walk the Line,https://www.imdb.com/title/tt0358273/?ref_=sr_i_368
Airplane!,https://www.imdb.com/title/tt0080339/?ref_=sr_i_369
Hidden Figures,https://www.imdb.com/title/tt4846340/?ref_=sr_i_370
Modern Times,https://www.imdb.com/title/tt0027977/?ref_=sr_i_371
The Elephant Man,https://www.imdb.com/title/tt0080678/?ref_=sr_i_372
Singin' in the Rain,https://www.imdb.com/title/tt0045152/?ref_=sr_i_373
Changeling,https://www.imdb.com/title/tt0824747/?ref_=sr_i_374
All Quiet on the Western Front,https://www.imdb.com/title/tt1016150/?ref_=sr_i_375
A Separation,https://www.imdb.com/title/tt1832382/?ref_=sr_i_376
The Great Escape,https://www.imdb.com/title/tt0057115/?ref_=sr_i_377
Philadelphia,https://www.imdb.com/title/tt0107818/?ref_=sr_i_378
Little Women,https://www.imdb.com/title/tt3281548/?ref_=sr_i_379
Hell or High Water,https://www.imdb.com/title/tt2582782/?ref_=sr_i_380
Ben-Hur,https://www.imdb.com/title/tt0052618/?ref_=sr_i_381
What's Eating Gilbert Grape,https://www.imdb.com/title/tt0108550/?ref_=sr_i_382
The Boy in the Striped Pajamas,https://www.imdb.com/title/tt0914798/?ref_=sr_i_383
Amores Perros,https://www.imdb.com/title/tt0245712/?ref_=sr_i_384
Lion,https://www.imdb.com/title/tt3741834/?ref_=sr_i_385
Primal Fear,https://www.imdb.com/title/tt0117381/?ref_=sr_i_386
The Boondock Saints,https://www.imdb.com/title/tt0144117/?ref_=sr_i_387
When Harry Met Sally...,https://www.imdb.com/title/tt0098635/?ref_=sr_i_388
The Artist,https://www.imdb.com/title/tt1655442/?ref_=sr_i_389
Mr. Nobody,https://www.imdb.com/title/tt0485947/?ref_=sr_i_390
True Romance,https://www.imdb.com/title/tt0108399/?ref_=sr_i_391
21 Grams,https://www.imdb.com/title/tt0315733/?ref_=sr_i_392
Misery,https://www.imdb.com/title/tt0100157/?ref_=sr_i_393
The Great Dictator,https://www.imdb.com/title/tt0032553/?ref_=sr_i_394
Sunset Boulevard,https://www.imdb.com/title/tt0043014/?ref_=sr_i_395
Rosemary's Baby,https://www.imdb.com/title/tt0063522/?ref_=sr_i_396
Gandhi,https://www.imdb.com/title/tt0083987/?ref_=sr_i_397
Captain Fantastic,https://www.imdb.com/title/tt3553976/?ref_=sr_i_398
A Fistful of Dollars,https://www.imdb.com/title/tt0058461/?ref_=sr_i_399
The Iron Giant,https://www.imdb.com/title/tt0129167/?ref_=sr_i_400
The Whale,https://www.imdb.com/title/tt13833688/?ref_=sr_i_401
The Bridge on the River Kwai,https://www.imdb.com/title/tt0050212/?ref_=sr_i_402
Remember the Titans,https://www.imdb.com/title/tt0210945/?ref_=sr_i_403
Carlito's Way,https://www.imdb.com/title/tt0106519/?ref_=sr_i_404
Ip Man,https://www.imdb.com/title/tt1220719/?ref_=sr_i_405
Clerks,https://www.imdb.com/title/tt0109445/?ref_=sr_i_406
Memories of Murder,https://www.imdb.com/title/tt0353969/?ref_=sr_i_407
Willy Wonka & the Chocolate Factory,https://www.imdb.com/title/tt0067992/?ref_=sr_i_408
Let the Right One In,https://www.imdb.com/title/tt1139797/?ref_=sr_i_409
Butch Cassidy and the Sundance Kid,https://www.imdb.com/title/tt0064115/?ref_=sr_i_410
The Secret in Their Eyes,https://www.imdb.com/title/tt1305806/?ref_=sr_i_411
Blue Velvet,https://www.imdb.com/title/tt0090756/?ref_=sr_i_412
The Girl with the Dragon Tattoo,https://www.imdb.com/title/tt1132620/?ref_=sr_i_413
Wild Tales,https://www.imdb.com/title/tt3011894/?ref_=sr_i_414
Straight Outta Compton,https://www.imdb.com/title/tt1398426/?ref_=sr_i_415
Paths of Glory,https://www.imdb.com/title/tt0050825/?ref_=sr_i_416
Jai Bhim,https://www.imdb.com/title/tt15097216/?ref_=sr_i_417
Who Framed Roger Rabbit,https://www.imdb.com/title/tt0096438/?ref_=sr_i_418
Incendies,https://www.imdb.com/title/tt1255953/?ref_=sr_i_419
Dangal,https://www.imdb.com/title/tt5074352/?ref_=sr_i_420
The Raid: Redemption,https://www.imdb.com/title/tt1899353/?ref_=sr_i_421
The Blues Brothers,https://www.imdb.com/title/tt0080455/?ref_=sr_i_422
"South Park: Bigger, Longer & Uncut",https://www.imdb.com/title/tt0158983/?ref_=sr_i_423
Like Stars on Earth,https://www.imdb.com/title/tt0986264/?ref_=sr_i_424
Brazil,https://www.imdb.com/title/tt0088846/?ref_=sr_i_425
Finding Neverland,https://www.imdb.com/title/tt0308644/?ref_=sr_i_426
Akira,https://www.imdb.com/title/tt0094625/?ref_=sr_i_427
Run Lola Run,https://www.imdb.com/title/tt0130827/?ref_=sr_i_428
The Birds,https://www.imdb.com/title/tt0056869/?ref_=sr_i_429
Klaus,https://www.imdb.com/title/tt4729430/?ref_=sr_i_430
Another Round,https://www.imdb.com/title/tt10288566/?ref_=sr_i_431
The Father,https://www.imdb.com/title/tt10272386/?ref_=sr_i_432
PK,https://www.imdb.com/title/tt2338151/?ref_=sr_i_433
La haine,https://www.imdb.com/title/tt0113247/?ref_=sr_i_434
Goldfinger,https://www.imdb.com/title/tt0058150/?ref_=sr_i_435
Adaptation.,https://www.imdb.com/title/tt0268126/?ref_=sr_i_436
The Man from Earth,https://www.imdb.com/title/tt0756683/?ref_=sr_i_437
The Apartment,https://www.imdb.com/title/tt0053604/?ref_=sr_i_438
What We Do in the Shadows,https://www.imdb.com/title/tt3416742/?ref_=sr_i_439
The Seventh Seal,https://www.imdb.com/title/tt0050976/?ref_=sr_i_440
City Lights,https://www.imdb.com/title/tt0021749/?ref_=sr_i_441
The Thin Red Line,https://www.imdb.com/title/tt0120863/?ref_=sr_i_442
Planet of the Apes,https://www.imdb.com/title/tt0063442/?ref_=sr_i_443
Cinderella Man,https://www.imdb.com/title/tt0352248/?ref_=sr_i_444
Rushmore,https://www.imdb.com/title/tt0128445/?ref_=sr_i_445
The Invisible Guest,https://www.imdb.com/title/tt4857264/?ref_=sr_i_446
The Last King of Scotland,https://www.imdb.com/title/tt0455590/?ref_=sr_i_447
The Trial of the Chicago 7,https://www.imdb.com/title/tt1070874/?ref_=sr_i_448
Puss in Boots: The Last Wish,https://www.imdb.com/title/tt3915174/?ref_=sr_i_449
Isle of Dogs,https://www.imdb.com/title/tt5104604/?ref_=sr_i_450
Dial M for Murder,https://www.imdb.com/title/tt0046912/?ref_=sr_i_451
The Last of the Mohicans,https://www.imdb.com/title/tt0104691/?ref_=sr_i_452
The Holdovers,https://www.imdb.com/title/tt14849194/?ref_=sr_i_453
Mary and Max,https://www.imdb.com/title/tt0978762/?ref_=sr_i_454
In the Name of the Father,https://www.imdb.com/title/tt0107207/?ref_=sr_i_455
Cool Hand Luke,https://www.imdb.com/title/tt0061512/?ref_=sr_i_456
Metropolis,https://www.imdb.com/title/tt0017136/?ref_=sr_i_457
Mary Poppins,https://www.imdb.com/title/tt0058331/?ref_=sr_i_458
Barry Lyndon,https://www.imdb.com/title/tt0072684/?ref_=sr_i_459
Hero,https://www.imdb.com/title/tt0299977/?ref_=sr_i_460
Castle in the Sky,https://www.imdb.com/title/tt0092067/?ref_=sr_i_461
Nausicaä of the Valley of the Wind,https://www.imdb.com/title/tt0087544/?ref_=sr_i_462
Evil Dead II,https://www.imdb.com/title/tt0092991/?ref_=sr_i_463
The Third Man,https://www.imdb.com/title/tt0041959/?ref_=sr_i_464
Rashomon,https://www.imdb.com/title/tt0042876/?ref_=sr_i_465
Ed Wood,https://www.imdb.com/title/tt0109707/?ref_=sr_i_466
Wonder,https://www.imdb.com/title/tt2543472/?ref_=sr_i_467
The Handmaiden,https://www.imdb.com/title/tt4016934/?ref_=sr_i_468
The Insider,https://www.imdb.com/title/tt0140352/?ref_=sr_i_469
Bicycle Thieves,https://www.imdb.com/title/tt0040522/?ref_=sr_i_470
Before Midnight,https://www.imdb.com/title/tt2209418/?ref_=sr_i_471
Network,https://www.imdb.com/title/tt0074958/?ref_=sr_i_472
RRR,https://www.imdb.com/title/tt8178634/?ref_=sr_i_473
CODA,https://www.imdb.com/title/tt10366460/?ref_=sr_i_474
M,https://www.imdb.com/title/tt0022100/?ref_=sr_i_475
In the Mood for Love,https://www.imdb.com/title/tt0118694/?ref_=sr_i_476
JFK,https://www.imdb.com/title/tt0102138/?ref_=sr_i_477
Kiki's Delivery Service,https://www.imdb.com/title/tt0097814/?ref_=sr_i_478
Tombstone,https://www.imdb.com/title/tt0108358/?ref_=sr_i_479
A Christmas Story,https://www.imdb.com/title/tt0085334/?ref_=sr_i_480
Young Frankenstein,https://www.imdb.com/title/tt0072431/?ref_=sr_i_481
Dirty Harry,https://www.imdb.com/title/tt0066999/?ref_=sr_i_482
Roma,https://www.imdb.com/title/tt6155172/?ref_=sr_i_483
Double Indemnity,https://www.imdb.com/title/tt0036775/?ref_=sr_i_484
Letters from Iwo Jima,https://www.imdb.com/title/tt0498380/?ref_=sr_i_485
Ponyo,https://www.imdb.com/title/tt0876563/?ref_=sr_i_486
On the Waterfront,https://www.imdb.com/title/tt0047296/?ref_=sr_i_487
Anatomy of a Fall,https://www.imdb.com/title/tt17009710/?ref_=sr_i_488
A Bronx Tale,https://www.imdb.com/title/tt0106489/?ref_=sr_i_489
The Maltese Falcon,https://www.imdb.com/title/tt0033870/?ref_=sr_i_490
Blue Is the Warmest Colour,https://www.imdb.com/title/tt2278871/?ref_=sr_i_491
Awakenings,https://www.imdb.com/title/tt0099077/?ref_=sr_i_492
Godzilla Minus One,https://www.imdb.com/title/tt23289160/?ref_=sr_i_493
Ghost in the Shell,https://www.imdb.com/title/tt0113568/?ref_=sr_i_494
Dogville,https://www.imdb.com/title/tt0276919/?ref_=sr_i_495
Boyz n the Hood,https://www.imdb.com/title/tt0101507/?ref_=sr_i_496
Ray,https://www.imdb.com/title/tt0350258/?ref_=sr_i_497
Kramer vs. Kramer,https://www.imdb.com/title/tt0079417/?ref_=sr_i_498
Rope,https://www.imdb.com/title/tt0040746/?ref_=sr_i_499
Society of the Snow,https://www.imdb.com/title/tt16277242/?ref_=sr_i_500
Sound of Metal,https://www.imdb.com/title/tt5363618/?ref_=sr_i_501
K.G.F: Chapter 2,https://www.imdb.com/title/tt10698680/?ref_=sr_i_502
Blazing Saddles,https://www.imdb.com/title/tt0071230/?ref_=sr_i_503
Kung Fu Hustle,https://www.imdb.com/title/tt0373074/?ref_=sr_i_504
Good Bye Lenin!,https://www.imdb.com/title/tt0301357/?ref_=sr_i_505
I Saw the Devil,https://www.imdb.com/title/tt1588170/?ref_=sr_i_506
The Count of Monte Cristo,https://www.imdb.com/title/tt0245844/?ref_=sr_i_507
Rebecca,https://www.imdb.com/title/tt0032976/?ref_=sr_i_508
Roman Holiday,https://www.imdb.com/title/tt0046250/?ref_=sr_i_509
This Is Spinal Tap,https://www.imdb.com/title/tt0088258/?ref_=sr_i_510
Stalker,https://www.imdb.com/title/tt0079944/?ref_=sr_i_511
Manhattan,https://www.imdb.com/title/tt0079522/?ref_=sr_i_512
Glory,https://www.imdb.com/title/tt0097441/?ref_=sr_i_513
My Cousin Vinny,https://www.imdb.com/title/tt0104952/?ref_=sr_i_514
Witness for the Prosecution,https://www.imdb.com/title/tt0051201/?ref_=sr_i_515
Past Lives,https://www.imdb.com/title/tt13238346/?ref_=sr_i_516
Billy Elliot,https://www.imdb.com/title/tt0249462/?ref_=sr_i_517
The Wild Robot,https://www.imdb.com/title/tt29623480/?ref_=sr_i_518
Spartacus,https://www.imdb.com/title/tt0054331/?ref_=sr_i_519
Hunt for the Wilderpeople,https://www.imdb.com/title/tt4698684/?ref_=sr_i_520
Miller's Crossing,https://www.imdb.com/title/tt0100150/?ref_=sr_i_521
Strangers on a Train,https://www.imdb.com/title/tt0044079/?ref_=sr_i_522
Night of the Living Dead,https://www.imdb.com/title/tt0063350/?ref_=sr_i_523
12th Fail,https://www.imdb.com/title/tt23849204/?ref_=sr_i_524
Baahubali: The Beginning,https://www.imdb.com/title/tt2631186/?ref_=sr_i_525
All About Eve,https://www.imdb.com/title/tt0042192/?ref_=sr_i_526
The French Connection,https://www.imdb.com/title/tt0067116/?ref_=sr_i_527
Kubo and the Two Strings,https://www.imdb.com/title/tt4302938/?ref_=sr_i_528
Ran,https://www.imdb.com/title/tt0089881/?ref_=sr_i_529
Papillon,https://www.imdb.com/title/tt0070511/?ref_=sr_i_530
Me and Earl and the Dying Girl,https://www.imdb.com/title/tt2582496/?ref_=sr_i_531
The Kid,https://www.imdb.com/title/tt0012349/?ref_=sr_i_532
Serpico,https://www.imdb.com/title/tt0070666/?ref_=sr_i_533
Empire of the Sun,https://www.imdb.com/title/tt0092965/?ref_=sr_i_534
Yojimbo,https://www.imdb.com/title/tt0055630/?ref_=sr_i_535
The Treasure of the Sierra Madre,https://www.imdb.com/title/tt0040897/?ref_=sr_i_536
Persona,https://www.imdb.com/title/tt0060827/?ref_=sr_i_537
The Raid 2,https://www.imdb.com/title/tt2265171/?ref_=sr_i_538
Infernal Affairs,https://www.imdb.com/title/tt0338564/?ref_=sr_i_539
The Mitchells vs. the Machines,https://www.imdb.com/title/tt7979580/?ref_=sr_i_540
Y tu mamá también,https://www.imdb.com/title/tt0245574/?ref_=sr_i_541
The Best Offer,https://www.imdb.com/title/tt1924396/?ref_=sr_i_542
Dawn of the Dead,https://www.imdb.com/title/tt0077402/?ref_=sr_i_543
Star Trek II: The Wrath of Khan,https://www.imdb.com/title/tt0084726/?ref_=sr_i_544
Shershaah,https://www.imdb.com/title/tt10295212/?ref_=sr_i_545
This Is England,https://www.imdb.com/title/tt0480025/?ref_=sr_i_546
Anora,https://www.imdb.com/title/tt28607951/?ref_=sr_i_547
The 400 Blows,https://www.imdb.com/title/tt0053198/?ref_=sr_i_548
Sense and Sensibility,https://www.imdb.com/title/tt0114388/?ref_=sr_i_549
All the President's Men,https://www.imdb.com/title/tt0074119/?ref_=sr_i_550
"Paris, Texas",https://www.imdb.com/title/tt0087884/?ref_=sr_i_551
8½,https://www.imdb.com/title/tt0056801/?ref_=sr_i_552
The Conversation,https://www.imdb.com/title/tt0071360/?ref_=sr_i_553
Soorarai Pottru,https://www.imdb.com/title/tt10189514/?ref_=sr_i_554
Nebraska,https://www.imdb.com/title/tt1821549/?ref_=sr_i_555
Midnight Cowboy,https://www.imdb.com/title/tt0064665/?ref_=sr_i_556
Hamilton,https://www.imdb.com/title/tt8503618/?ref_=sr_i_557
The King of Comedy,https://www.imdb.com/title/tt0085794/?ref_=sr_i_558
Mr. Smith Goes to Washington,https://www.imdb.com/title/tt0031679/?ref_=sr_i_559
Bonnie and Clyde,https://www.imdb.com/title/tt0061418/?ref_=sr_i_560
Rang De Basanti,https://www.imdb.com/title/tt0405508/?ref_=sr_i_561
Deliverance,https://www.imdb.com/title/tt0068473/?ref_=sr_i_562
Lagaan: Once Upon a Time in India,https://www.imdb.com/title/tt0169102/?ref_=sr_i_563
Once,https://www.imdb.com/title/tt0907657/?ref_=sr_i_564
The Gold Rush,https://www.imdb.com/title/tt0015864/?ref_=sr_i_565
Baahubali 2: The Conclusion,https://www.imdb.com/title/tt4849438/?ref_=sr_i_566
The Name of the Rose,https://www.imdb.com/title/tt0091605/?ref_=sr_i_567
The Fall,https://www.imdb.com/title/tt0460791/?ref_=sr_i_568
Glengarry Glen Ross,https://www.imdb.com/title/tt0104348/?ref_=sr_i_569
Dancer in the Dark,https://www.imdb.com/title/tt0168629/?ref_=sr_i_570
Talk to Her,https://www.imdb.com/title/tt0287467/?ref_=sr_i_571
Wild Strawberries,https://www.imdb.com/title/tt0050986/?ref_=sr_i_572
My Name Is Khan,https://www.imdb.com/title/tt1188996/?ref_=sr_i_573
Mississippi Burning,https://www.imdb.com/title/tt0095647/?ref_=sr_i_574
Nosferatu: A Symphony of Horror,https://www.imdb.com/title/tt0013442/?ref_=sr_i_575
Portrait of a Lady on Fire,https://www.imdb.com/title/tt8613070/?ref_=sr_i_576
Do the Right Thing,https://www.imdb.com/title/tt0097216/?ref_=sr_i_577
A Streetcar Named Desire,https://www.imdb.com/title/tt0044081/?ref_=sr_i_578
A Silent Voice: The Movie,https://www.imdb.com/title/tt5323662/?ref_=sr_i_579
It Happened One Night,https://www.imdb.com/title/tt0025316/?ref_=sr_i_580
The Last Emperor,https://www.imdb.com/title/tt0093389/?ref_=sr_i_581
Three Colors: Blue,https://www.imdb.com/title/tt0108394/?ref_=sr_i_582
Dark Waters,https://www.imdb.com/title/tt9071322/?ref_=sr_i_583
Capernaum,https://www.imdb.com/title/tt8267604/?ref_=sr_i_584
Elite Squad,https://www.imdb.com/title/tt0861739/?ref_=sr_i_585
Frost/Nixon,https://www.imdb.com/title/tt0870111/?ref_=sr_i_586
Three Colors: Red,https://www.imdb.com/title/tt0111495/?ref_=sr_i_587
High Noon,https://www.imdb.com/title/tt0044706/?ref_=sr_i_588
Touch of Evil,https://www.imdb.com/title/tt0052311/?ref_=sr_i_589
Aftersun,https://www.imdb.com/title/tt19770238/?ref_=sr_i_590
The Diving Bell and the Butterfly,https://www.imdb.com/title/tt0401383/?ref_=sr_i_591
Patton,https://www.imdb.com/title/tt0066206/?ref_=sr_i_592
Notorious,https://www.imdb.com/title/tt0038787/?ref_=sr_i_593
Come and See,https://www.imdb.com/title/tt0091251/?ref_=sr_i_594
The Worst Person in the World,https://www.imdb.com/title/tt10370710/?ref_=sr_i_595
Porco Rosso,https://www.imdb.com/title/tt0104652/?ref_=sr_i_596
Amour,https://www.imdb.com/title/tt1602620/?ref_=sr_i_597
Andhadhun,https://www.imdb.com/title/tt8108198/?ref_=sr_i_598
The Sandlot,https://www.imdb.com/title/tt0108037/?ref_=sr_i_599
Fantasia,https://www.imdb.com/title/tt0032455/?ref_=sr_i_600
Kantara,https://www.imdb.com/title/tt15327088/?ref_=sr_i_601
Gangs of Wasseypur,https://www.imdb.com/title/tt1954470/?ref_=sr_i_602
The Motorcycle Diaries,https://www.imdb.com/title/tt0318462/?ref_=sr_i_603
All About My Mother,https://www.imdb.com/title/tt0185125/?ref_=sr_i_604
The Magnificent Seven,https://www.imdb.com/title/tt0054047/?ref_=sr_i_605
Malcolm X,https://www.imdb.com/title/tt0104797/?ref_=sr_i_606
Perfect Blue,https://www.imdb.com/title/tt0156887/?ref_=sr_i_607
The Wind Rises,https://www.imdb.com/title/tt2013293/?ref_=sr_i_608
Detachment,https://www.imdb.com/title/tt1683526/?ref_=sr_i_609
A Prophet,https://www.imdb.com/title/tt1235166/?ref_=sr_i_610
My Fair Lady,https://www.imdb.com/title/tt0058385/?ref_=sr_i_611
Sing Street,https://www.imdb.com/title/tt3544112/?ref_=sr_i_612
K.G.F: Chapter 1,https://www.imdb.com/title/tt7838252/?ref_=sr_i_613
Paddington 2,https://www.imdb.com/title/tt4468740/?ref_=sr_i_614
The Grapes of Wrath,https://www.imdb.com/title/tt0032551/?ref_=sr_i_615
Bajrangi Bhaijaan,https://www.imdb.com/title/tt3863552/?ref_=sr_i_616
Paprika,https://www.imdb.com/title/tt0851578/?ref_=sr_i_617
The Straight Story,https://www.imdb.com/title/tt0166896/?ref_=sr_i_618
Persepolis,https://www.imdb.com/title/tt0808417/?ref_=sr_i_619
Chungking Express,https://www.imdb.com/title/tt0109424/?ref_=sr_i_620
The Night of the Hunter,https://www.imdb.com/title/tt0048424/?ref_=sr_i_621
The General,https://www.imdb.com/title/tt0017925/?ref_=sr_i_622
The Great Beauty,https://www.imdb.com/title/tt2358891/?ref_=sr_i_623
Flipped,https://www.imdb.com/title/tt0817177/?ref_=sr_i_624
Sling Blade,https://www.imdb.com/title/tt0117666/?ref_=sr_i_625
Solaris,https://www.imdb.com/title/tt0069293/?ref_=sr_i_626
The Killing,https://www.imdb.com/title/tt0049406/?ref_=sr_i_627
Swades,https://www.imdb.com/title/tt0367110/?ref_=sr_i_628
October Sky,https://www.imdb.com/title/tt0132477/?ref_=sr_i_629
The Color Purple,https://www.imdb.com/title/tt0088939/?ref_=sr_i_630
Drishyam,https://www.imdb.com/title/tt4430212/?ref_=sr_i_631
The Searchers,https://www.imdb.com/title/tt0049730/?ref_=sr_i_632
The Experiment,https://www.imdb.com/title/tt0250258/?ref_=sr_i_633
The Celebration,https://www.imdb.com/title/tt0154420/?ref_=sr_i_634
My Father and My Son,https://www.imdb.com/title/tt0476735/?ref_=sr_i_635
Ikiru,https://www.imdb.com/title/tt0044741/?ref_=sr_i_636
Short Term 12,https://www.imdb.com/title/tt2370248/?ref_=sr_i_637
King Kong,https://www.imdb.com/title/tt0024216/?ref_=sr_i_638
The Big Sleep,https://www.imdb.com/title/tt0038355/?ref_=sr_i_639
The Wild Bunch,https://www.imdb.com/title/tt0065214/?ref_=sr_i_640
The Bridges of Madison County,https://www.imdb.com/title/tt0112579/?ref_=sr_i_641
Munna Bhai M.B.B.S.,https://www.imdb.com/title/tt0374887/?ref_=sr_i_642
Shoplifters,https://www.imdb.com/title/tt8075192/?ref_=sr_i_643
Breathless,https://www.imdb.com/title/tt0053472/?ref_=sr_i_644
Judgment at Nuremberg,https://www.imdb.com/title/tt0055031/?ref_=sr_i_645
Zindagi Na Milegi Dobara,https://www.imdb.com/title/tt1562872/?ref_=sr_i_646
Barfi!,https://www.imdb.com/title/tt2082197/?ref_=sr_i_647
Charade,https://www.imdb.com/title/tt0056923/?ref_=sr_i_648
Elite Squad 2: The Enemy Within,https://www.imdb.com/title/tt1555149/?ref_=sr_i_649
Beasts of No Nation,https://www.imdb.com/title/tt1365050/?ref_=sr_i_650
"Spring, Summer, Fall, Winter... and Spring",https://www.imdb.com/title/tt0374546/?ref_=sr_i_651
The Hustler,https://www.imdb.com/title/tt0054997/?ref_=sr_i_652
The Remains of the Day,https://www.imdb.com/title/tt0107943/?ref_=sr_i_653
I'm Still Here,https://www.imdb.com/title/tt14961016/?ref_=sr_i_654
The Day the Earth Stood Still,https://www.imdb.com/title/tt0043456/?ref_=sr_i_655
Pink Floyd: The Wall,https://www.imdb.com/title/tt0084503/?ref_=sr_i_656
After Hours,https://www.imdb.com/title/tt0088680/?ref_=sr_i_657
Fried Green Tomatoes,https://www.imdb.com/title/tt0101921/?ref_=sr_i_658
Chak De! India,https://www.imdb.com/title/tt0871510/?ref_=sr_i_659
The Sea Inside,https://www.imdb.com/title/tt0369702/?ref_=sr_i_660
In the Heat of the Night,https://www.imdb.com/title/tt0061811/?ref_=sr_i_661
The African Queen,https://www.imdb.com/title/tt0043265/?ref_=sr_i_662
The Man Who Shot Liberty Valance,https://www.imdb.com/title/tt0056217/?ref_=sr_i_663
Children of Heaven,https://www.imdb.com/title/tt0118849/?ref_=sr_i_664
Doctor Zhivago,https://www.imdb.com/title/tt0059113/?ref_=sr_i_665
A Wednesday,https://www.imdb.com/title/tt1280558/?ref_=sr_i_666
Harold and Maude,https://www.imdb.com/title/tt0067185/?ref_=sr_i_667
Frankenstein,https://www.imdb.com/title/tt0021884/?ref_=sr_i_668
The Outlaw Josey Wales,https://www.imdb.com/title/tt0075029/?ref_=sr_i_669
The Manchurian Candidate,https://www.imdb.com/title/tt0056218/?ref_=sr_i_670
My Left Foot,https://www.imdb.com/title/tt0097937/?ref_=sr_i_671
Who's Afraid of Virginia Woolf?,https://www.imdb.com/title/tt0061184/?ref_=sr_i_672
Demon Slayer: Kimetsu no Yaiba - The Movie: Mugen Train,https://www.imdb.com/title/tt11032374/?ref_=sr_i_673
La Dolce Vita,https://www.imdb.com/title/tt0053779/?ref_=sr_i_674
Black Book,https://www.imdb.com/title/tt0389557/?ref_=sr_i_675
The Dirty Dozen,https://www.imdb.com/title/tt0061578/?ref_=sr_i_676
Badlands,https://www.imdb.com/title/tt0069762/?ref_=sr_i_677
Wings of Desire,https://www.imdb.com/title/tt0093191/?ref_=sr_i_678
Being There,https://www.imdb.com/title/tt0078841/?ref_=sr_i_679
Vikram,https://www.imdb.com/title/tt9179430/?ref_=sr_i_680
The Ten Commandments,https://www.imdb.com/title/tt0049833/?ref_=sr_i_681
Dilwale Dulhania Le Jayenge,https://www.imdb.com/title/tt0112870/?ref_=sr_i_682
The White Ribbon,https://www.imdb.com/title/tt1149362/?ref_=sr_i_683
Perfect Days,https://www.imdb.com/title/tt27503384/?ref_=sr_i_684
Hannah and Her Sisters,https://www.imdb.com/title/tt0091167/?ref_=sr_i_685
Harakiri,https://www.imdb.com/title/tt0056058/?ref_=sr_i_686
Kal Ho Naa Ho,https://www.imdb.com/title/tt0347304/?ref_=sr_i_687
Dil Chahta Hai,https://www.imdb.com/title/tt0292490/?ref_=sr_i_688
Whisper of the Heart,https://www.imdb.com/title/tt0113824/?ref_=sr_i_689
The Man from Nowhere,https://www.imdb.com/title/tt1527788/?ref_=sr_i_690
Happiness,https://www.imdb.com/title/tt0147612/?ref_=sr_i_691
Arsenic and Old Lace,https://www.imdb.com/title/tt0036613/?ref_=sr_i_692
The Muppet Christmas Carol,https://www.imdb.com/title/tt0104940/?ref_=sr_i_693
The Philadelphia Story,https://www.imdb.com/title/tt0032904/?ref_=sr_i_694
The Chaser,https://www.imdb.com/title/tt1190539/?ref_=sr_i_695
Hera Pheri,https://www.imdb.com/title/tt0242519/?ref_=sr_i_696
Mother,https://www.imdb.com/title/tt1216496/?ref_=sr_i_697
Uri: The Surgical Strike,https://www.imdb.com/title/tt8291224/?ref_=sr_i_698
Open Your Eyes,https://www.imdb.com/title/tt0125659/?ref_=sr_i_699
Sita Ramam,https://www.imdb.com/title/tt20850406/?ref_=sr_i_700
Anatomy of a Murder,https://www.imdb.com/title/tt0052561/?ref_=sr_i_701
Bhaag Milkha Bhaag,https://www.imdb.com/title/tt2356180/?ref_=sr_i_702
Perfect Strangers,https://www.imdb.com/title/tt4901306/?ref_=sr_i_703
The Bandit,https://www.imdb.com/title/tt0116231/?ref_=sr_i_704
The Best Years of Our Lives,https://www.imdb.com/title/tt0036868/?ref_=sr_i_705
Breaking the Waves,https://www.imdb.com/title/tt0115751/?ref_=sr_i_706
The Cabinet of Dr. Caligari,https://www.imdb.com/title/tt0010323/?ref_=sr_i_707
Tokyo Story,https://www.imdb.com/title/tt0046438/?ref_=sr_i_708
The Girl Who Leapt Through Time,https://www.imdb.com/title/tt0808506/?ref_=sr_i_709
Thirteen Lives,https://www.imdb.com/title/tt12262116/?ref_=sr_i_710
Shadow of a Doubt,https://www.imdb.com/title/tt0036342/?ref_=sr_i_711
A Man Called Ove,https://www.imdb.com/title/tt4080728/?ref_=sr_i_712
M.S. Dhoni: The Untold Story,https://www.imdb.com/title/tt4169250/?ref_=sr_i_713
Diabolique,https://www.imdb.com/title/tt0046911/?ref_=sr_i_714
The Legend of 1900,https://www.imdb.com/title/tt0120731/?ref_=sr_i_715
Rio Bravo,https://www.imdb.com/title/tt0053221/?ref_=sr_i_716
The Battle of Algiers,https://www.imdb.com/title/tt0058946/?ref_=sr_i_717
Control,https://www.imdb.com/title/tt0421082/?ref_=sr_i_718
All Quiet on the Western Front,https://www.imdb.com/title/tt0020629/?ref_=sr_i_719
The Wages of Fear,https://www.imdb.com/title/tt0046268/?ref_=sr_i_720
Queen,https://www.imdb.com/title/tt3322420/?ref_=sr_i_721
Neon Genesis Evangelion: The End of Evangelion,https://www.imdb.com/title/tt0169858/?ref_=sr_i_722
Fanny and Alexander,https://www.imdb.com/title/tt0083922/?ref_=sr_i_723
The Chorus,https://www.imdb.com/title/tt0372824/?ref_=sr_i_724
G.O.R.A.,https://www.imdb.com/title/tt0384116/?ref_=sr_i_725
The Little Prince,https://www.imdb.com/title/tt1754656/?ref_=sr_i_726
Night on Earth,https://www.imdb.com/title/tt0102536/?ref_=sr_i_727
Waking Life,https://www.imdb.com/title/tt0243017/?ref_=sr_i_728
La Strada,https://www.imdb.com/title/tt0047528/?ref_=sr_i_729
Bringing Up Baby,https://www.imdb.com/title/tt0029947/?ref_=sr_i_730
OMG: Oh My God!,https://www.imdb.com/title/tt2283748/?ref_=sr_i_731
Kahaani,https://www.imdb.com/title/tt1821480/?ref_=sr_i_732
Chhichhore,https://www.imdb.com/title/tt9052870/?ref_=sr_i_733
Tumbbad,https://www.imdb.com/title/tt8239946/?ref_=sr_i_734
The Right Stuff,https://www.imdb.com/title/tt0086197/?ref_=sr_i_735
"I, Daniel Blake",https://www.imdb.com/title/tt5168192/?ref_=sr_i_736
The Salesman,https://www.imdb.com/title/tt5186714/?ref_=sr_i_737
Loving Vincent,https://www.imdb.com/title/tt3262342/?ref_=sr_i_738
Days of Heaven,https://www.imdb.com/title/tt0077405/?ref_=sr_i_739
Song of the Sea,https://www.imdb.com/title/tt1865505/?ref_=sr_i_740
His Girl Friday,https://www.imdb.com/title/tt0032599/?ref_=sr_i_741
"Aguirre, the Wrath of God",https://www.imdb.com/title/tt0068182/?ref_=sr_i_742
Maharaja,https://www.imdb.com/title/tt26548265/?ref_=sr_i_743
"4 Months, 3 Weeks and 2 Days",https://www.imdb.com/title/tt1032846/?ref_=sr_i_744
What Ever Happened to Baby Jane?,https://www.imdb.com/title/tt0056687/?ref_=sr_i_745
The Passion of Joan of Arc,https://www.imdb.com/title/tt0019254/?ref_=sr_i_746
Duck Soup,https://www.imdb.com/title/tt0023969/?ref_=sr_i_747
Mommy,https://www.imdb.com/title/tt3612616/?ref_=sr_i_748
Pride,https://www.imdb.com/title/tt3169706/?ref_=sr_i_749
The Lunchbox,https://www.imdb.com/title/tt2350496/?ref_=sr_i_750
Battleship Potemkin,https://www.imdb.com/title/tt0015648/?ref_=sr_i_751
Underground,https://www.imdb.com/title/tt0114787/?ref_=sr_i_752
Le Samouraï,https://www.imdb.com/title/tt0062229/?ref_=sr_i_753
Crimes and Misdemeanors,https://www.imdb.com/title/tt0097123/?ref_=sr_i_754
Cabaret,https://www.imdb.com/title/tt0068327/?ref_=sr_i_755
Baby,https://www.imdb.com/title/tt3848892/?ref_=sr_i_756
Jab We Met,https://www.imdb.com/title/tt1093370/?ref_=sr_i_757
The Killing Fields,https://www.imdb.com/title/tt0087553/?ref_=sr_i_758
The World's Fastest Indian,https://www.imdb.com/title/tt0412080/?ref_=sr_i_759
The Longest Day,https://www.imdb.com/title/tt0056197/?ref_=sr_i_760
Sherlock Jr.,https://www.imdb.com/title/tt0015324/?ref_=sr_i_761
Special 26,https://www.imdb.com/title/tt2377938/?ref_=sr_i_762
Sholay,https://www.imdb.com/title/tt0073707/?ref_=sr_i_763
Rocketry: The Nambi Effect,https://www.imdb.com/title/tt9263550/?ref_=sr_i_764
Stalag 17,https://www.imdb.com/title/tt0046359/?ref_=sr_i_765
Batman: Mask of the Phantasm,https://www.imdb.com/title/tt0106364/?ref_=sr_i_766
3-Iron,https://www.imdb.com/title/tt0423866/?ref_=sr_i_767
Airlift,https://www.imdb.com/title/tt4387040/?ref_=sr_i_768
Veer-Zaara,https://www.imdb.com/title/tt0420332/?ref_=sr_i_769
Harvey,https://www.imdb.com/title/tt0042546/?ref_=sr_i_770
Nine Queens,https://www.imdb.com/title/tt0247586/?ref_=sr_i_771
Haider,https://www.imdb.com/title/tt3390572/?ref_=sr_i_772
Head-On,https://www.imdb.com/title/tt0347048/?ref_=sr_i_773
The Lady Vanishes,https://www.imdb.com/title/tt0030341/?ref_=sr_i_774
Ordinary People,https://www.imdb.com/title/tt0081283/?ref_=sr_i_775
About Elly,https://www.imdb.com/title/tt1360860/?ref_=sr_i_776
High and Low,https://www.imdb.com/title/tt0057565/?ref_=sr_i_777
Miracle in Cell No. 7,https://www.imdb.com/title/tt10431500/?ref_=sr_i_778
Andrei Rublev,https://www.imdb.com/title/tt0060107/?ref_=sr_i_779
Togo,https://www.imdb.com/title/tt5116302/?ref_=sr_i_780
The Triplets of Belleville,https://www.imdb.com/title/tt0286244/?ref_=sr_i_781
Miracle on 34th Street,https://www.imdb.com/title/tt0039628/?ref_=sr_i_782
Throne of Blood,https://www.imdb.com/title/tt0050613/?ref_=sr_i_783
The Tale of The Princess Kaguya,https://www.imdb.com/title/tt2576852/?ref_=sr_i_784
"Black Cat, White Cat",https://www.imdb.com/title/tt0118843/?ref_=sr_i_785
Winter Sleep,https://www.imdb.com/title/tt2758880/?ref_=sr_i_786
Invasion of the Body Snatchers,https://www.imdb.com/title/tt0049366/?ref_=sr_i_787
Down by Law,https://www.imdb.com/title/tt0090967/?ref_=sr_i_788
The Purple Rose of Cairo,https://www.imdb.com/title/tt0089853/?ref_=sr_i_789
Adam's Apples,https://www.imdb.com/title/tt0418455/?ref_=sr_i_790
Andaz Apna Apna,https://www.imdb.com/title/tt0109117/?ref_=sr_i_791
Departures,https://www.imdb.com/title/tt1069238/?ref_=sr_i_792
Stagecoach,https://www.imdb.com/title/tt0031971/?ref_=sr_i_793
The Adventures of Robin Hood,https://www.imdb.com/title/tt0029843/?ref_=sr_i_794
Hard Boiled,https://www.imdb.com/title/tt0104684/?ref_=sr_i_795
Bride of Frankenstein,https://www.imdb.com/title/tt0026138/?ref_=sr_i_796
Cowboy Bebop: The Movie,https://www.imdb.com/title/tt0275277/?ref_=sr_i_797
Sunrise,https://www.imdb.com/title/tt0018455/?ref_=sr_i_798
Cat on a Hot Tin Roof,https://www.imdb.com/title/tt0051459/?ref_=sr_i_799
The Double Life of Véronique,https://www.imdb.com/title/tt0101765/?ref_=sr_i_800
Mirror,https://www.imdb.com/title/tt0072443/?ref_=sr_i_801
Paper Moon,https://www.imdb.com/title/tt0070510/?ref_=sr_i_802
The Last Picture Show,https://www.imdb.com/title/tt0067328/?ref_=sr_i_803
Nights of Cabiria,https://www.imdb.com/title/tt0050783/?ref_=sr_i_804
Laura,https://www.imdb.com/title/tt0037008/?ref_=sr_i_805
The Man Who Would Be King,https://www.imdb.com/title/tt0073341/?ref_=sr_i_806
Raatchasan,https://www.imdb.com/title/tt7060344/?ref_=sr_i_807
The Killer,https://www.imdb.com/title/tt0097202/?ref_=sr_i_808
Vikram Vedha,https://www.imdb.com/title/tt6148156/?ref_=sr_i_809
Freaks,https://www.imdb.com/title/tt0022913/?ref_=sr_i_810
The Message,https://www.imdb.com/title/tt0074896/?ref_=sr_i_811
Lilya 4-Ever,https://www.imdb.com/title/tt0300140/?ref_=sr_i_812
Once Upon a Time in Anatolia,https://www.imdb.com/title/tt1827487/?ref_=sr_i_813
The Past,https://www.imdb.com/title/tt2404461/?ref_=sr_i_814
Lage Raho Munna Bhai,https://www.imdb.com/title/tt0456144/?ref_=sr_i_815
Wolf Children,https://www.imdb.com/title/tt2140203/?ref_=sr_i_816
My Sassy Girl,https://www.imdb.com/title/tt0293715/?ref_=sr_i_817
Sleuth,https://www.imdb.com/title/tt0069281/?ref_=sr_i_818
Guess Who's Coming to Dinner,https://www.imdb.com/title/tt0061735/?ref_=sr_i_819
Tokyo Godfathers,https://www.imdb.com/title/tt0388473/?ref_=sr_i_820
Tangerines,https://www.imdb.com/title/tt2991224/?ref_=sr_i_821
East of Eden,https://www.imdb.com/title/tt0048028/?ref_=sr_i_822
The Holy Mountain,https://www.imdb.com/title/tt0071615/?ref_=sr_i_823
Flow,https://www.imdb.com/title/tt4772188/?ref_=sr_i_824
Lost Ladies,https://www.imdb.com/title/tt21626284/?ref_=sr_i_825
Pink,https://www.imdb.com/title/tt5571734/?ref_=sr_i_826
The Day of the Jackal,https://www.imdb.com/title/tt0069947/?ref_=sr_i_827
No Man's Land,https://www.imdb.com/title/tt0283509/?ref_=sr_i_828
Fiddler on the Roof,https://www.imdb.com/title/tt0067093/?ref_=sr_i_829
The Vanishing,https://www.imdb.com/title/tt0096163/?ref_=sr_i_830
Amarcord,https://www.imdb.com/title/tt0071129/?ref_=sr_i_831
Secrets & Lies,https://www.imdb.com/title/tt0117589/?ref_=sr_i_832
Sardar Udham,https://www.imdb.com/title/tt10280296/?ref_=sr_i_833
The Discreet Charm of the Bourgeoisie,https://www.imdb.com/title/tt0068361/?ref_=sr_i_834
Short Cuts,https://www.imdb.com/title/tt0108122/?ref_=sr_i_835
The Return,https://www.imdb.com/title/tt0376968/?ref_=sr_i_836
Udaan,https://www.imdb.com/title/tt1639426/?ref_=sr_i_837
Drishyam 2,https://www.imdb.com/title/tt15501640/?ref_=sr_i_838
The Verdict,https://www.imdb.com/title/tt0084855/?ref_=sr_i_839
Jujutsu Kaisen 0,https://www.imdb.com/title/tt14331144/?ref_=sr_i_840
Land of Mine,https://www.imdb.com/title/tt3841424/?ref_=sr_i_841
Central Station,https://www.imdb.com/title/tt0140888/?ref_=sr_i_842
To Be or Not to Be,https://www.imdb.com/title/tt0035446/?ref_=sr_i_843
Vicky Donor,https://www.imdb.com/title/tt2317337/?ref_=sr_i_844
Brief Encounter,https://www.imdb.com/title/tt0037558/?ref_=sr_i_845
Naked,https://www.imdb.com/title/tt0107653/?ref_=sr_i_846
Kaithi,https://www.imdb.com/title/tt9900782/?ref_=sr_i_847
Ayla: The Daughter of War,https://www.imdb.com/title/tt6316138/?ref_=sr_i_848
Jules and Jim,https://www.imdb.com/title/tt0055032/?ref_=sr_i_849
Drishyam,https://www.imdb.com/title/tt3417422/?ref_=sr_i_850
Key Largo,https://www.imdb.com/title/tt0040506/?ref_=sr_i_851
Zelig,https://www.imdb.com/title/tt0086637/?ref_=sr_i_852
Gully Boy,https://www.imdb.com/title/tt2395469/?ref_=sr_i_853
The Broken Circle Breakdown,https://www.imdb.com/title/tt2024519/?ref_=sr_i_854
Zulu,https://www.imdb.com/title/tt0058777/?ref_=sr_i_855
The Hidden Fortress,https://www.imdb.com/title/tt0051808/?ref_=sr_i_856
Evil,https://www.imdb.com/title/tt0338309/?ref_=sr_i_857
777 Charlie,https://www.imdb.com/title/tt7466810/?ref_=sr_i_858
Drishyam 2,https://www.imdb.com/title/tt12361178/?ref_=sr_i_859
Ninja Scroll,https://www.imdb.com/title/tt0107692/?ref_=sr_i_860
Sanjuro,https://www.imdb.com/title/tt0056443/?ref_=sr_i_861
Out of the Past,https://www.imdb.com/title/tt0039689/?ref_=sr_i_862
Close,https://www.imdb.com/title/tt9660502/?ref_=sr_i_863
Tae Guk Gi: The Brotherhood of War,https://www.imdb.com/title/tt0386064/?ref_=sr_i_864
The Lost Weekend,https://www.imdb.com/title/tt0037884/?ref_=sr_i_865
Ivan's Childhood,https://www.imdb.com/title/tt0056111/?ref_=sr_i_866
Wolfwalkers,https://www.imdb.com/title/tt5198068/?ref_=sr_i_867
The Shop Around the Corner,https://www.imdb.com/title/tt0033045/?ref_=sr_i_868
The Red Shoes,https://www.imdb.com/title/tt0040725/?ref_=sr_i_869
Hamlet,https://www.imdb.com/title/tt0116477/?ref_=sr_i_870
96,https://www.imdb.com/title/tt7019842/?ref_=sr_i_871
Kind Hearts and Coronets,https://www.imdb.com/title/tt0041546/?ref_=sr_i_872
English Vinglish,https://www.imdb.com/title/tt2181931/?ref_=sr_i_873
Ace in the Hole,https://www.imdb.com/title/tt0043338/?ref_=sr_i_874
Fitzcarraldo,https://www.imdb.com/title/tt0083946/?ref_=sr_i_875
"Quo Vadis, Aida?",https://www.imdb.com/title/tt8633462/?ref_=sr_i_876
The Postman,https://www.imdb.com/title/tt0110877/?ref_=sr_i_877
The Grand Illusion,https://www.imdb.com/title/tt0028950/?ref_=sr_i_878
Vizontele,https://www.imdb.com/title/tt0270053/?ref_=sr_i_879
Pather Panchali,https://www.imdb.com/title/tt0048473/?ref_=sr_i_880
Autumn Sonata,https://www.imdb.com/title/tt0077711/?ref_=sr_i_881
Guilty,https://www.imdb.com/title/tt4934950/?ref_=sr_i_882
To Have and Have Not,https://www.imdb.com/title/tt0037382/?ref_=sr_i_883
Taste of Cherry,https://www.imdb.com/title/tt0120265/?ref_=sr_i_884
Kagemusha: The Shadow Warrior,https://www.imdb.com/title/tt0080979/?ref_=sr_i_885
Fantastic Planet,https://www.imdb.com/title/tt0070544/?ref_=sr_i_886
Badhaai Ho,https://www.imdb.com/title/tt7725596/?ref_=sr_i_887
Super 30,https://www.imdb.com/title/tt7485048/?ref_=sr_i_888
Paan Singh Tomar,https://www.imdb.com/title/tt1620933/?ref_=sr_i_889
A Man for All Seasons,https://www.imdb.com/title/tt0060665/?ref_=sr_i_890
Cries & Whispers,https://www.imdb.com/title/tt0069467/?ref_=sr_i_891
Hedwig and the Angry Inch,https://www.imdb.com/title/tt0248845/?ref_=sr_i_892
Article 15,https://www.imdb.com/title/tt10324144/?ref_=sr_i_893
Once Were Warriors,https://www.imdb.com/title/tt0110729/?ref_=sr_i_894
Rififi,https://www.imdb.com/title/tt0048021/?ref_=sr_i_895
Sweet Smell of Success,https://www.imdb.com/title/tt0051036/?ref_=sr_i_896
Hiroshima Mon Amour,https://www.imdb.com/title/tt0052893/?ref_=sr_i_897
All That Jazz,https://www.imdb.com/title/tt0078754/?ref_=sr_i_898
Au Revoir les Enfants,https://www.imdb.com/title/tt0092593/?ref_=sr_i_899
The Circus,https://www.imdb.com/title/tt0018773/?ref_=sr_i_900
In a Lonely Place,https://www.imdb.com/title/tt0042593/?ref_=sr_i_901
White Heat,https://www.imdb.com/title/tt0042041/?ref_=sr_i_902
Black,https://www.imdb.com/title/tt0375611/?ref_=sr_i_903
The Exterminating Angel,https://www.imdb.com/title/tt0056732/?ref_=sr_i_904
Raise the Red Lantern,https://www.imdb.com/title/tt0101640/?ref_=sr_i_905
The Conformist,https://www.imdb.com/title/tt0065571/?ref_=sr_i_906
Vivre sa vie,https://www.imdb.com/title/tt0056663/?ref_=sr_i_907
Anand,https://www.imdb.com/title/tt0066763/?ref_=sr_i_908
The Breath,https://www.imdb.com/title/tt1171701/?ref_=sr_i_909
Joint Security Area,https://www.imdb.com/title/tt0260991/?ref_=sr_i_910
Red River,https://www.imdb.com/title/tt0040724/?ref_=sr_i_911
"Blood In, Blood Out",https://www.imdb.com/title/tt0106469/?ref_=sr_i_912
Gaslight,https://www.imdb.com/title/tt0036855/?ref_=sr_i_913
A Night at the Opera,https://www.imdb.com/title/tt0026778/?ref_=sr_i_914
Asuran,https://www.imdb.com/title/tt9477520/?ref_=sr_i_915
The Lion in Winter,https://www.imdb.com/title/tt0063227/?ref_=sr_i_916
Knockin' on Heaven's Door,https://www.imdb.com/title/tt0119472/?ref_=sr_i_917
L'Avventura,https://www.imdb.com/title/tt0053619/?ref_=sr_i_918
Wait Until Dark,https://www.imdb.com/title/tt0062467/?ref_=sr_i_919
Farewell My Concubine,https://www.imdb.com/title/tt0106332/?ref_=sr_i_920
Dersu Uzala,https://www.imdb.com/title/tt0071411/?ref_=sr_i_921
C.R.A.Z.Y.,https://www.imdb.com/title/tt0401085/?ref_=sr_i_922
A Taxi Driver,https://www.imdb.com/title/tt6878038/?ref_=sr_i_923
The Edge of Heaven,https://www.imdb.com/title/tt0880502/?ref_=sr_i_924
The Innocents,https://www.imdb.com/title/tt0055018/?ref_=sr_i_925
Millennium Actress,https://www.imdb.com/title/tt0291350/?ref_=sr_i_926
Monster,https://www.imdb.com/title/tt23736044/?ref_=sr_i_927
Inherit the Wind,https://www.imdb.com/title/tt0053946/?ref_=sr_i_928
The Thin Man,https://www.imdb.com/title/tt0025878/?ref_=sr_i_929
Time of the Gypsies,https://www.imdb.com/title/tt0097223/?ref_=sr_i_930
Hindi Medium,https://www.imdb.com/title/tt5764096/?ref_=sr_i_931
Nobody Knows,https://www.imdb.com/title/tt0408664/?ref_=sr_i_932
Cape Fear,https://www.imdb.com/title/tt0055824/?ref_=sr_i_933
Dev.D,https://www.imdb.com/title/tt1327035/?ref_=sr_i_934
The Sacrifice,https://www.imdb.com/title/tt0091670/?ref_=sr_i_935
The Umbrellas of Cherbourg,https://www.imdb.com/title/tt0058450/?ref_=sr_i_936
Masaan,https://www.imdb.com/title/tt4635372/?ref_=sr_i_937
The Virgin Spring,https://www.imdb.com/title/tt0053976/?ref_=sr_i_938
Z,https://www.imdb.com/title/tt0065234/?ref_=sr_i_939
The Rules of the Game,https://www.imdb.com/title/tt0031885/?ref_=sr_i_940
The Leopard,https://www.imdb.com/title/tt0057091/?ref_=sr_i_941
Scarface,https://www.imdb.com/title/tt0023427/?ref_=sr_i_942
"Rome, Open City",https://www.imdb.com/title/tt0038890/?ref_=sr_i_943
Nostalghia,https://www.imdb.com/title/tt0086022/?ref_=sr_i_944
The Promised Land,https://www.imdb.com/title/tt20561198/?ref_=sr_i_945
The Asphalt Jungle,https://www.imdb.com/title/tt0042208/?ref_=sr_i_946
My Life as a Zucchini,https://www.imdb.com/title/tt2321405/?ref_=sr_i_947
A Woman Under the Influence,https://www.imdb.com/title/tt0072417/?ref_=sr_i_948
The Big Heat,https://www.imdb.com/title/tt0045555/?ref_=sr_i_949
Dreams,https://www.imdb.com/title/tt0100998/?ref_=sr_i_950
In Cold Blood,https://www.imdb.com/title/tt0061809/?ref_=sr_i_951
Sorcerer,https://www.imdb.com/title/tt0076740/?ref_=sr_i_952
Demon Slayer: Kimetsu no Yaiba - Tsuzumi Mansion Arc,https://www.imdb.com/title/tt16492678/?ref_=sr_i_953
Pad Man,https://www.imdb.com/title/tt7218518/?ref_=sr_i_954
Sirf Ek Bandaa Kaafi Hai,https://www.imdb.com/title/tt24485052/?ref_=sr_i_955
Yi Yi,https://www.imdb.com/title/tt0244316/?ref_=sr_i_956
Le cercle rouge,https://www.imdb.com/title/tt0065531/?ref_=sr_i_957
Elevator to the Gallows,https://www.imdb.com/title/tt0051378/?ref_=sr_i_958
Mildred Pierce,https://www.imdb.com/title/tt0037913/?ref_=sr_i_959
Sullivan's Travels,https://www.imdb.com/title/tt0034240/?ref_=sr_i_960
"Like Father, Like Son",https://www.imdb.com/title/tt2331143/?ref_=sr_i_961
Umberto D.,https://www.imdb.com/title/tt0045274/?ref_=sr_i_962
Black Narcissus,https://www.imdb.com/title/tt0039192/?ref_=sr_i_963
The Breadwinner,https://www.imdb.com/title/tt3901826/?ref_=sr_i_964
The Wild Pear Tree,https://www.imdb.com/title/tt6628102/?ref_=sr_i_965
Lucky Baskhar,https://www.imdb.com/title/tt27540542/?ref_=sr_i_966
The Magdalene Sisters,https://www.imdb.com/title/tt0318411/?ref_=sr_i_967
Cléo from 5 to 7,https://www.imdb.com/title/tt0055852/?ref_=sr_i_968
Rangasthalam,https://www.imdb.com/title/tt7392212/?ref_=sr_i_969
You Can't Take It with You,https://www.imdb.com/title/tt0030993/?ref_=sr_i_970
Beauty and the Beast,https://www.imdb.com/title/tt0038348/?ref_=sr_i_971
I Want to Eat Your Pancreas,https://www.imdb.com/title/tt7236034/?ref_=sr_i_972
Everything's Gonna Be Great,https://www.imdb.com/title/tt0263438/?ref_=sr_i_973
The Way He Looks,https://www.imdb.com/title/tt1702014/?ref_=sr_i_974
A Man Escaped,https://www.imdb.com/title/tt0049902/?ref_=sr_i_975
Jean de Florette,https://www.imdb.com/title/tt0091288/?ref_=sr_i_976
Through a Glass Darkly,https://www.imdb.com/title/tt0055499/?ref_=sr_i_977
Winter Light,https://www.imdb.com/title/tt0057358/?ref_=sr_i_978
Sarfarosh,https://www.imdb.com/title/tt0200087/?ref_=sr_i_979
How Green Was My Valley,https://www.imdb.com/title/tt0033729/?ref_=sr_i_980
A Christmas Carol,https://www.imdb.com/title/tt0044008/?ref_=sr_i_981
Army of Shadows,https://www.imdb.com/title/tt0064040/?ref_=sr_i_982
My Man Godfrey,https://www.imdb.com/title/tt0028010/?ref_=sr_i_983
Great Expectations,https://www.imdb.com/title/tt0038574/?ref_=sr_i_984
Playtime,https://www.imdb.com/title/tt0062136/?ref_=sr_i_985
A Short Film About Love,https://www.imdb.com/title/tt0095467/?ref_=sr_i_986
My Darling Clementine,https://www.imdb.com/title/tt0038762/?ref_=sr_i_987
Viridiana,https://www.imdb.com/title/tt0055601/?ref_=sr_i_988
Ugetsu,https://www.imdb.com/title/tt0046478/?ref_=sr_i_989
Never Look Away,https://www.imdb.com/title/tt5311542/?ref_=sr_i_990
Manjummel Boys,https://www.imdb.com/title/tt26458038/?ref_=sr_i_991
Lakshya,https://www.imdb.com/title/tt0323013/?ref_=sr_i_992
Evangelion: 2.0 You Can (Not) Advance,https://www.imdb.com/title/tt0860906/?ref_=sr_i_993
A Matter of Life and Death,https://www.imdb.com/title/tt0038733/?ref_=sr_i_994
A Moment to Remember,https://www.imdb.com/title/tt0428870/?ref_=sr_i_995
Brother,https://www.imdb.com/title/tt0118767/?ref_=sr_i_996
The Twilight Samurai,https://www.imdb.com/title/tt0351817/?ref_=sr_i_997
Nayakan,https://www.imdb.com/title/tt0093603/?ref_=sr_i_998
That Obscure Object of Desire,https://www.imdb.com/title/tt0075824/?ref_=sr_i_999
Khosla Ka Ghosla!,https://www.imdb.com/title/tt0466460/?ref_=sr_i_1000
